-- The Independent Base Tables

CREATE TABLE MEMBER  (
    MEMBER_ID INT PRIMARY KEY AUTO_INCREMENT,
    MEMBER_NAME VARCHAR(100) NOT NULL
);

-- Can't use Rank so change the doc to Job_rank

CREATE TABLE JOB_RANK (
    RANK_ID INT PRIMARY KEY AUTO_INCREMENT,
    RANK_NAME VARCHAR(45) NOT NULL
);

CREATE TABLE AUTHOR (
    AUTHOR_ID INT PRIMARY KEY AUTO_INCREMENT,
    AUTHOR_NAME VARCHAR(100) NOT NULL
);

CREATE TABLE PUBLISHER (
    PUBLISHER_ID INT PRIMARY KEY AUTO_INCREMENT,
    PUBLISHER_NAME VARCHAR(100) NOT NULL
);

-- The First-Level Dependent Tables
CREATE TABLE EMPLOYEE (
    EMP_ID INT PRIMARY KEY AUTO_INCREMENT,
    EMP_NAME VARCHAR(100) NOT NULL,
    EMP_EMAIL VARCHAR(100) NOT NULL,
    RANK_ID INT,
    FOREIGN KEY (RANK_ID) REFERENCES JOB_RANK(RANK_ID)
);

CREATE TABLE BOOK_TITLE (
    TITLE_ID INT PRIMARY KEY AUTO_INCREMENT,
    TITLE_NAME VARCHAR(255) NOT NULL,
    TITLE_PUBLICATION_YEAR INTEGER,
    PUBLISHER_ID INT,
    TITLE_DESCRIPTION TEXT,
    FOREIGN KEY (PUBLISHER_ID) REFERENCES PUBLISHER(PUBLISHER_ID)
);

-- The Second-Level Dependent Tables
CREATE TABLE BOOK_COPY (
    COPY_ID INT PRIMARY KEY AUTO_INCREMENT,
    TITLE_ID INT,
    FOREIGN KEY (TITLE_ID) REFERENCES BOOK_TITLE(TITLE_ID)
);

CREATE TABLE TITLE_AUTHOR (
    TITLE_ID INT,
    AUTHOR_ID INT,
    TITLE_AUTHOR_ROLE VARCHAR(50),
    PRIMARY KEY (TITLE_ID, AUTHOR_ID),
    FOREIGN KEY (TITLE_ID) REFERENCES BOOK_TITLE(TITLE_ID),
    FOREIGN KEY (AUTHOR_ID) REFERENCES AUTHOR(AUTHOR_ID)
);

-- The Operational Tables
CREATE TABLE FEE (
    FEE_ID INT PRIMARY KEY AUTO_INCREMENT,
    FEE_AMOUNT DECIMAL(5,2) NOT NULL,
    FEE_STATUS VARCHAR(45) NOT NULL,
    MEMBER_ID INT,
    FOREIGN KEY (MEMBER_ID) REFERENCES MEMBER(MEMBER_ID)
);

CREATE TABLE HOLD (
    MEMBER_ID INT,
    TITLE_ID INT,
    HOLD_DATE DATE NOT NULL,
    PRIMARY KEY (MEMBER_ID, TITLE_ID),
    FOREIGN KEY (MEMBER_ID) REFERENCES MEMBER(MEMBER_ID),
    FOREIGN KEY (TITLE_ID) REFERENCES BOOK_TITLE(TITLE_ID)
);

CREATE TABLE CHECKOUT (
    CHECKOUT_ID INT PRIMARY KEY AUTO_INCREMENT,
    CHECKOUT_DATE DATE NOT NULL,
    MEMBER_ID INT,
    EMP_ID INT,
    FOREIGN KEY (MEMBER_ID) REFERENCES MEMBER(MEMBER_ID),
    FOREIGN KEY (EMP_ID) REFERENCES EMPLOYEE(EMP_ID)
);

-- The Final Bridge Table
CREATE TABLE CHECKOUT_ITEM (
    CHECKOUT_ID INT,
    COPY_ID INT,
    CHECKOUT_ITEM_DUEDATE DATE NOT NULL,
    CHECOUT_ITEM_DATERETURNED DATE,
    PRIMARY KEY (CHECKOUT_ID, COPY_ID),
    FOREIGN KEY (CHECKOUT_ID) REFERENCES CHECKOUT(CHECKOUT_ID),
    FOREIGN KEY (COPY_ID) REFERENCES BOOK_COPY(COPY_ID)
);

-- Base Tables (Must be inserted first)
INSERT INTO MEMBER (MEMBER_ID, MEMBER_NAME) VALUES
(1, 'Alice Smith'),
(2, 'Bob Jones'),
(3, 'Charlie Brown');

INSERT INTO JOB_RANK (RANK_ID, RANK_NAME) VALUES
(1, 'Manager'),
(2, 'Librarian'),
(3, 'Clerk');

INSERT INTO AUTHOR (AUTHOR_ID, AUTHOR_NAME) VALUES
(1, 'J.K. Rowling'),
(2, 'George Orwell'),
(3, 'Frank Herbert');

INSERT INTO PUBLISHER (PUBLISHER_ID, PUBLISHER_NAME) VALUES
(1, 'Bloomsbury'),
(2, 'Secker & Warburg'),
(3, 'Chilton Books');

-- First Level Dependent Tables
INSERT INTO EMPLOYEE (EMP_ID, EMP_NAME, EMP_EMAIL, RANK_ID) VALUES
(101, 'Diana Prince', 'diana@neighborvillelib.com', 1),
(102, 'Clark Kent', 'clark@neighborvillelib.com', 2);

INSERT INTO BOOK_TITLE (TITLE_ID, TITLE_NAME, PUBLISHER_ID) VALUES
(201, 'Harry Potter and the Sorcerers Stone', 1),
(202, '1984', 2),
(203, 'Dune', 3);

-- Second Level Dependent Tables
INSERT INTO BOOK_COPY (COPY_ID, COPY_ISBN, TITLE_ID) VALUES
(301, '978-0747532699', 201),
-- A second physical copy of Harry Potter
(302, '978-0747532699', 201), 
(303, '978-0451524935', 202),
(304, '978-0441172719', 203);

INSERT INTO TITLE_AUTHOR (TITLE_ID, AUTHOR_ID, TITLE_AUTHOR_ROLE) VALUES
(201, 1, 'Primary Author'),
(202, 2, 'Primary Author'),
(203, 3, 'Primary Author');

-- Operational Tables
INSERT INTO FEE (FEE_ID, FEE_AMOUNT, FEE_STATUS, MEMBER_ID) VALUES
(401, 5.50, 'Outstanding', 1),
(402, 2.00, 'Paid', 2);

INSERT INTO HOLD (MEMBER_ID, TITLE_ID, HOLD_DATE) VALUES
(3, 203, '2026-04-05');

INSERT INTO CHECKOUT (CHECKOUT_ID, CHECKOUT_DATE, MEMBER_ID, EMP_ID) VALUES
(501, '2026-04-01', 1, 102),
(502, '2026-04-03', 2, 102);

-- Final Bridge Table (Connecting specific physical copies to checkouts)
INSERT INTO CHECKOUT_ITEM (CHECKOUT_ID, COPY_ID, CHECKOUT_ITEM_DUEDATE) VALUES
(501, 301, '2026-04-15'),
(502, 303, '2026-04-17');

-- Check individual table
SELECT * FROM MEMBER;
SELECT * FROM BOOK_TITLE;
SELECT * FROM EMPLOYEE;

-- Check the JOIN
SELECT 
    m.MEMBER_NAME, 
    t.TITLE_NAME, 
    c.CHECKOUT_DATE, 
    ci.CHECKOUT_ITEM_DUEDATE
FROM CHECKOUT c
JOIN MEMBER m ON c.MEMBER_ID = m.MEMBER_ID
JOIN CHECKOUT_ITEM ci ON c.CHECKOUT_ID = ci.CHECKOUT_ID
JOIN BOOK_COPY bc ON ci.COPY_ID = bc.COPY_ID
JOIN BOOK_TITLE t ON bc.TITLE_ID = t.TITLE_ID;
